{"cameraMode":{"drawMode":0,"name":"Shaded","section":"Shading Mode"},"sceneLighting":true,"audioPlay":false,"sceneViewState":{"m_AlwaysRefresh":false,"showFog":true,"showSkybox":true,"showFlares":true,"showImageEffects":true,"showParticleSystems":true,"showVisualEffectGraphs":true,"m_FxEnabled":true},"in2DMode":false,"pivot":{"x":0.8896913528442383,"y":22.455219268798829,"z":0.997406005859375},"rotation":{"x":0.06894126534461975,"y":0.01047509629279375,"z":-0.0007217609090730548,"w":0.9975689053535461},"size":38.72917175292969,"orthographic":false}